time,ghi,ghi_clear_sky,day,GHI_daily_max_clearsky,GHI_percent_wrt_max
2023-05-30 00:00:00,0.0,0.0,2023-05-30,933.5146907190144,0.0
2023-05-30 00:10:00,0.0,0.0,2023-05-30,933.5146907190144,0.0
2023-05-30 00:20:00,0.0,0.0,2023-05-30,933.5146907190144,0.0
2023-05-30 00:30:00,0.0,0.0,2023-05-30,933.5146907190144,0.0
2023-05-30 00:40:00,0.0,0.0,2023-05-30,933.5146907190144,0.0
2023-05-30 00:50:00,0.0,0.0,2023-05-30,933.5146907190144,0.0
2023-05-30 01:00:00,0.0,0.0,2023-05-30,933.5146907190144,0.0
2023-05-30 01:10:00,0.0,0.0,2023-05-30,933.5146907190144,0.0
2023-05-30 01:20:00,0.0,0.0,2023-05-30,933.5146907190144,0.0
2023-05-30 01:30:00,0.0,0.0,2023-05-30,933.5146907190144,0.0
2023-05-30 01:40:00,0.0,0.0,2023-05-30,933.5146907190144,0.0
2023-05-30 01:50:00,0.0,0.0,2023-05-30,933.5146907190144,0.0
2023-05-30 02:00:00,0.0,0.0,2023-05-30,933.5146907190144,0.0
2023-05-30 02:10:00,0.0,0.0,2023-05-30,933.5146907190144,0.0
2023-05-30 02:20:00,0.0,0.0,2023-05-30,933.5146907190144,0.0
2023-05-30 02:30:00,0.0,0.0,2023-05-30,933.5146907190144,0.0
2023-05-30 02:40:00,0.0,0.0,2023-05-30,933.5146907190144,0.0
2023-05-30 02:50:00,0.0,0.0,2023-05-30,933.5146907190144,0.0
2023-05-30 03:00:00,0.0,0.0,2023-05-30,933.5146907190144,0.0
2023-05-30 03:10:00,0.0,0.0,2023-05-30,933.5146907190144,0.0
2023-05-30 03:20:00,0.0,0.0,2023-05-30,933.5146907190144,0.0
2023-05-30 03:30:00,0.0,0.0,2023-05-30,933.5146907190144,0.0
2023-05-30 03:40:00,0.0,0.0,2023-05-30,933.5146907190144,0.0
2023-05-30 03:50:00,0.0,0.0,2023-05-30,933.5146907190144,0.0
2023-05-30 04:00:00,0.0,0.0,2023-05-30,933.5146907190144,0.0
2023-05-30 04:10:00,0.0,0.0,2023-05-30,933.5146907190144,0.0
2023-05-30 04:20:00,0.0,0.0,2023-05-30,933.5146907190144,0.0
2023-05-30 04:30:00,0.0,0.0,2023-05-30,933.5146907190144,0.0
2023-05-30 04:40:00,0.0,0.0,2023-05-30,933.5146907190144,0.0
2023-05-30 04:50:00,0.0,0.0,2023-05-30,933.5146907190144,0.0
2023-05-30 05:00:00,0.0,0.0,2023-05-30,933.5146907190144,0.0
2023-05-30 05:10:00,0.0,0.0,2023-05-30,933.5146907190144,0.0
2023-05-30 05:20:00,0.0,0.0,2023-05-30,933.5146907190144,0.0
2023-05-30 05:30:00,0.0,0.0,2023-05-30,933.5146907190144,0.0
2023-05-30 05:40:00,3.0,1.8509691991528005e-22,2023-05-30,933.5146907190144,0.3213661262994512
2023-05-30 05:50:00,8.0,1.9831525719966296,2023-05-30,933.5146907190144,0.8569763367985367
2023-05-30 06:00:00,14.0,14.720404152524353,2023-05-30,933.5146907190144,1.4997085893974391
2023-05-30 06:10:00,23.0,34.95585972109699,2023-05-30,933.5146907190144,2.463806968295793
2023-05-30 06:20:00,39.0,58.97539664091884,2023-05-30,933.5146907190144,4.177759641892866
2023-05-30 06:30:00,62.0,85.11797982552103,2023-05-30,933.5146907190144,6.641566610188659
2023-05-30 06:40:00,76.0,112.5818707892138,2023-05-30,933.5146907190144,8.141275199586099
2023-05-30 06:50:00,117.0,140.92753932552347,2023-05-30,933.5146907190144,12.5332789256786
2023-05-30 07:00:00,132.0,169.8836764145363,2023-05-30,933.5146907190144,14.140109557175856
2023-05-30 07:10:00,131.0,199.2644314774126,2023-05-30,933.5146907190144,14.032987515076035
2023-05-30 07:20:00,153.0,228.93073981718956,2023-05-30,933.5146907190144,16.389672441272015
2023-05-30 07:30:00,216.0,258.7708099520455,2023-05-30,933.5146907190144,23.13836109356049
2023-05-30 07:40:00,231.0,288.68961099033805,2023-05-30,933.5146907190144,24.745191725057747
2023-05-30 07:50:00,270.0,318.6029318212721,2023-05-30,933.5146907190144,28.922951366950613
2023-05-30 08:00:00,324.0,348.43386547655484,2023-05-30,933.5146907190144,34.707541640340736
2023-05-30 08:10:00,334.0,378.1106643582139,2023-05-30,933.5146907190144,35.77876206133891
2023-05-30 08:20:00,423.0,407.56539832089527,2023-05-30,933.5146907190144,45.312623808222625
2023-05-30 08:30:00,530.0,436.73310113251387,2023-05-30,933.5146907190144,56.77468231290305
2023-05-30 08:40:00,518.0,465.55122353625507,2023-05-30,933.5146907190144,55.48921780770525
2023-05-30 08:50:00,476.0,493.9592822096841,2023-05-30,933.5146907190144,50.99009203951293
2023-05-30 09:00:00,426.0,521.8986488217855,2023-05-30,933.5146907190144,45.63398993452208
2023-05-30 09:10:00,441.0,549.3124080012368,2023-05-30,933.5146907190144,47.24082056601934
2023-05-30 09:20:00,526.0,576.1452946530176,2023-05-30,933.5146907190144,56.346194144503784
2023-05-30 09:30:00,505.0,602.3436633757991,2023-05-30,933.5146907190144,54.09663126040763
2023-05-30 09:40:00,488.0,627.8554889781449,2023-05-30,933.5146907190144,52.27555654471074
2023-05-30 09:50:00,341.0,652.6303874202454,2023-05-30,933.5146907190144,36.528616356037624
2023-05-30 10:00:00,545.0,676.6196510287268,2023-05-30,933.5146907190144,58.38151294440031
2023-05-30 10:10:00,711.0,699.776293552619,2023-05-30,933.5146907190144,76.16377193296995
2023-05-30 10:20:00,586.0,722.0551003599664,2023-05-30,933.5146907190144,62.77351667049281
2023-05-30 10:30:00,810.0,743.4126902135984,2023-05-30,933.5146907190144,86.76885410085184
2023-05-30 10:40:00,803.0,763.8075645443986,2023-05-30,933.5146907190144,86.01899980615312
2023-05-30 10:50:00,824.0,783.2001727236784,2023-05-30,933.5146907190144,88.26856269024928
2023-05-30 11:00:00,828.0,801.5529696854745,2023-05-30,933.5146907190144,88.69705085864855
2023-05-30 11:10:00,720.0,818.8304741338189,2023-05-30,933.5146907190144,77.1278703118683
2023-05-30 11:20:00,877.0,834.9993251342039,2023-05-30,933.5146907190144,93.9460309215396
2023-05-30 11:30:00,833.0,850.0283365221704,2023-05-30,933.5146907190144,89.23266106914762
2023-05-30 11:40:00,913.0,863.8885487261668,2023-05-30,933.5146907190144,97.802424437133
2023-05-30 11:50:00,910.0,876.5532767645399,2023-05-30,933.5146907190144,97.48105831083356
2023-05-30 12:00:00,944.0,887.9981590904422,2023-05-30,933.5146907190144,101.12320774222732
2023-05-30 12:10:00,975.0,898.201194468167,2023-05-30,933.5146907190144,104.44399104732166
2023-05-30 12:20:00,984.0,907.1427836606985,2023-05-30,933.5146907190144,105.40808942622002
2023-05-30 12:30:00,972.0,914.8057628020111,2023-05-30,933.5146907190144,104.1226249210222
2023-05-30 12:40:00,975.0,921.175433561232,2023-05-30,933.5146907190144,104.44399104732166
2023-05-30 12:50:00,838.0,926.2395890829556,2023-05-30,933.5146907190144,89.76827127964671
2023-05-30 13:00:00,1003.0,929.9885356007776,2023-05-30,933.5146907190144,107.44340822611652
2023-05-30 13:10:00,1002.0,932.4151096404688,2023-05-30,933.5146907190144,107.33628618401671
2023-05-30 13:20:00,953.0,933.5146907190144,2023-05-30,933.5146907190144,102.08730612112568
2023-05-30 13:30:00,983.0,933.285209756221,2023-05-30,933.5146907190144,105.3009673841202
2023-05-30 13:40:00,934.0,931.727152285754,2023-05-30,933.5146907190144,100.05198732122916
2023-05-30 13:50:00,988.0,928.843557926024,2023-05-30,933.5146907190144,105.83657759461929
2023-05-30 14:00:00,978.0,924.6400147855212,2023-05-30,933.5146907190144,104.76535717362113
2023-05-30 14:10:00,969.0,919.124649443478,2023-05-30,933.5146907190144,103.80125879472276
2023-05-30 14:20:00,964.0,912.3081124233578,2023-05-30,933.5146907190144,103.26564858422368
2023-05-30 14:30:00,953.0,904.2035592134132,2023-05-30,933.5146907190144,102.08730612112568
2023-05-30 14:40:00,938.0,894.8266269056836,2023-05-30,933.5146907190144,100.48047548962842
2023-05-30 14:50:00,924.0,884.1954072977045,2023-05-30,933.5146907190144,98.980766900231
2023-05-30 15:00:00,908.0,872.3304121233067,2023-05-30,933.5146907190144,97.26681422663393
2023-05-30 15:10:00,898.0,859.2545414530993,2023-05-30,933.5146907190144,96.19559380563574
2023-05-30 15:20:00,887.0,844.9930411611758,2023-05-30,933.5146907190144,95.01725134253776
2023-05-30 15:30:00,866.0,829.5734601389037,2023-05-30,933.5146907190144,92.7676884584416
2023-05-30 15:40:00,829.0,813.0256033724213,2023-05-30,933.5146907190144,88.80417290074837
2023-05-30 15:50:00,575.0,795.3814818254589,2023-05-30,933.5146907190144,61.59517420739483
2023-05-30 16:00:00,686.0,776.6752594726253,2023-05-30,933.5146907190144,73.48572088047452
2023-05-30 16:10:00,786.0,756.9431978272825,2023-05-30,933.5146907190144,84.19792509045622
2023-05-30 16:20:00,784.0,736.2235999302766,2023-05-30,933.5146907190144,83.98368100625659
2023-05-30 16:30:00,706.0,714.5567458692589,2023-05-30,933.5146907190144,75.62816172247086
2023-05-30 16:40:00,241.0,691.9848415892776,2023-05-30,933.5146907190144,25.816412146055917
2023-05-30 16:50:00,684.0,668.5519541073552,2023-05-30,933.5146907190144,73.27147679627488
2023-05-30 17:00:00,671.0,644.3039549864601,2023-05-30,933.5146907190144,71.87889024897726
2023-05-30 17:10:00,467.0,619.2884653707861,2023-05-30,933.5146907190144,50.02599366061458
2023-05-30 17:20:00,246.0,593.5548059185983,2023-05-30,933.5146907190144,26.352022356555004
2023-05-30 17:30:00,173.0,567.1539542700151,2023-05-30,933.5146907190144,18.532113283268355
2023-05-30 17:40:00,163.0,540.1385136139286,2023-05-30,933.5146907190144,17.460892862270185
2023-05-30 17:50:00,181.0,512.562699124539,2023-05-30,933.5146907190144,19.38908962006689
2023-05-30 18:00:00,530.0,484.48233794509457,2023-05-30,933.5146907190144,56.77468231290305
2023-05-30 18:10:00,552.0,455.95492034187583,2023-05-30,933.5146907190144,59.13136723909903
2023-05-30 18:20:00,255.0,427.0396790942336,2023-05-30,933.5146907190144,27.316120735453357
2023-05-30 18:30:00,123.0,397.79774580659233,2023-05-30,933.5146907190144,13.176011178277502
2023-05-30 18:40:00,68.0,368.292404670394,2023-05-30,933.5146907190144,7.284298862787562
2023-05-30 18:50:00,51.0,338.58949449284506,2023-05-30,933.5146907190144,5.4632241470906715
2023-05-30 19:00:00,47.0,308.7580367314295,2023-05-30,933.5146907190144,5.034735978691403
2023-05-30 19:10:00,23.0,278.8712165881894,2023-05-30,933.5146907190144,2.463806968295793
2023-05-30 19:20:00,4.0,249.0079335708291,2023-05-30,933.5146907190144,0.4284881683992683
2023-05-30 19:30:00,5.0,219.2552847059183,2023-05-30,933.5146907190144,0.5356102104990854
2023-05-30 19:40:00,16.0,189.71269447092587,2023-05-30,933.5146907190144,1.7139526735970734
2023-05-30 19:50:00,23.0,160.49895952869642,2023-05-30,933.5146907190144,2.463806968295793
2023-05-30 20:00:00,23.0,131.76488063720538,2023-05-30,933.5146907190144,2.463806968295793
2023-05-30 20:10:00,21.0,103.7171609551644,2023-05-30,933.5146907190144,2.2495628840961586
2023-05-30 20:20:00,22.0,76.66678125366599,2023-05-30,933.5146907190144,2.356684926195976
2023-05-30 20:30:00,13.0,51.13523305779086,2023-05-30,933.5146907190144,1.392586547297622
2023-05-30 20:40:00,6.0,28.110596326087283,2023-05-30,933.5146907190144,0.6427322525989025
2023-05-30 20:50:00,4.0,9.712317963319627,2023-05-30,933.5146907190144,0.4284881683992683
2023-05-30 21:00:00,2.0,0.4597381966946844,2023-05-30,933.5146907190144,0.2142440841996341
2023-05-30 21:10:00,0.0,0.0,2023-05-30,933.5146907190144,0.0
2023-05-30 21:20:00,0.0,0.0,2023-05-30,933.5146907190144,0.0
2023-05-30 21:30:00,0.0,0.0,2023-05-30,933.5146907190144,0.0
2023-05-30 21:40:00,0.0,0.0,2023-05-30,933.5146907190144,0.0
2023-05-30 21:50:00,0.0,0.0,2023-05-30,933.5146907190144,0.0
2023-05-30 22:00:00,0.0,0.0,2023-05-30,933.5146907190144,0.0
2023-05-30 22:10:00,0.0,0.0,2023-05-30,933.5146907190144,0.0
2023-05-30 22:20:00,0.0,0.0,2023-05-30,933.5146907190144,0.0
2023-05-30 22:30:00,0.0,0.0,2023-05-30,933.5146907190144,0.0
2023-05-30 22:40:00,0.0,0.0,2023-05-30,933.5146907190144,0.0
2023-05-30 22:50:00,0.0,0.0,2023-05-30,933.5146907190144,0.0
2023-05-30 23:00:00,0.0,0.0,2023-05-30,933.5146907190144,0.0
2023-05-30 23:10:00,0.0,0.0,2023-05-30,933.5146907190144,0.0
2023-05-30 23:20:00,0.0,0.0,2023-05-30,933.5146907190144,0.0
2023-05-30 23:30:00,0.0,0.0,2023-05-30,933.5146907190144,0.0
2023-05-30 23:40:00,0.0,0.0,2023-05-30,933.5146907190144,0.0
2023-05-30 23:50:00,0.0,0.0,2023-05-30,933.5146907190144,0.0
2023-05-31 00:00:00,0.0,0.0,2023-05-31,934.6723814301058,0.0
2023-05-31 00:10:00,0.0,0.0,2023-05-31,934.6723814301058,0.0
2023-05-31 00:20:00,0.0,0.0,2023-05-31,934.6723814301058,0.0
2023-05-31 00:30:00,0.0,0.0,2023-05-31,934.6723814301058,0.0
2023-05-31 00:40:00,0.0,0.0,2023-05-31,934.6723814301058,0.0
2023-05-31 00:50:00,0.0,0.0,2023-05-31,934.6723814301058,0.0
2023-05-31 01:00:00,0.0,0.0,2023-05-31,934.6723814301058,0.0
2023-05-31 01:10:00,0.0,0.0,2023-05-31,934.6723814301058,0.0
2023-05-31 01:20:00,0.0,0.0,2023-05-31,934.6723814301058,0.0
2023-05-31 01:30:00,0.0,0.0,2023-05-31,934.6723814301058,0.0
2023-05-31 01:40:00,0.0,0.0,2023-05-31,934.6723814301058,0.0
2023-05-31 01:50:00,0.0,0.0,2023-05-31,934.6723814301058,0.0
2023-05-31 02:00:00,0.0,0.0,2023-05-31,934.6723814301058,0.0
2023-05-31 02:10:00,0.0,0.0,2023-05-31,934.6723814301058,0.0
2023-05-31 02:20:00,0.0,0.0,2023-05-31,934.6723814301058,0.0
2023-05-31 02:30:00,0.0,0.0,2023-05-31,934.6723814301058,0.0
2023-05-31 02:40:00,0.0,0.0,2023-05-31,934.6723814301058,0.0
2023-05-31 02:50:00,0.0,0.0,2023-05-31,934.6723814301058,0.0
2023-05-31 03:00:00,0.0,0.0,2023-05-31,934.6723814301058,0.0
2023-05-31 03:10:00,0.0,0.0,2023-05-31,934.6723814301058,0.0
2023-05-31 03:20:00,0.0,0.0,2023-05-31,934.6723814301058,0.0
2023-05-31 03:30:00,0.0,0.0,2023-05-31,934.6723814301058,0.0
2023-05-31 03:40:00,0.0,0.0,2023-05-31,934.6723814301058,0.0
2023-05-31 03:50:00,0.0,0.0,2023-05-31,934.6723814301058,0.0
2023-05-31 04:00:00,0.0,0.0,2023-05-31,934.6723814301058,0.0
2023-05-31 04:10:00,0.0,0.0,2023-05-31,934.6723814301058,0.0
2023-05-31 04:20:00,0.0,0.0,2023-05-31,934.6723814301058,0.0
2023-05-31 04:30:00,0.0,0.0,2023-05-31,934.6723814301058,0.0
2023-05-31 04:40:00,0.0,0.0,2023-05-31,934.6723814301058,0.0
2023-05-31 04:50:00,0.0,0.0,2023-05-31,934.6723814301058,0.0
2023-05-31 05:00:00,0.0,0.0,2023-05-31,934.6723814301058,0.0
2023-05-31 05:10:00,0.0,0.0,2023-05-31,934.6723814301058,0.0
2023-05-31 05:20:00,0.0,0.0,2023-05-31,934.6723814301058,0.0
2023-05-31 05:30:00,0.0,0.0,2023-05-31,934.6723814301058,0.0
2023-05-31 05:40:00,2.0,3.007250026702459e-10,2023-05-31,934.6723814301058,0.213978720216369
2023-05-31 05:50:00,4.0,2.4589785330654625,2023-05-31,934.6723814301058,0.4279574404327381
2023-05-31 06:00:00,6.0,15.802906501850009,2023-05-31,934.6723814301058,0.6419361606491072
2023-05-31 06:10:00,8.0,36.29924231841124,2023-05-31,934.6723814301058,0.8559148808654763
2023-05-31 06:20:00,11.0,60.427730043832135,2023-05-31,934.6723814301058,1.1768829611900298
2023-05-31 06:30:00,13.0,86.61319296105356,2023-05-31,934.6723814301058,1.390861681406399
2023-05-31 06:40:00,20.0,114.08825069836855,2023-05-31,934.6723814301058,2.139787202163691
2023-05-31 06:50:00,27.0,142.42852009787586,2023-05-31,934.6723814301058,2.8887127229209826
2023-05-31 07:00:00,36.0,171.3700627467165,2023-05-31,934.6723814301058,3.851616963894643
2023-05-31 07:10:00,36.0,200.73092983401625,2023-05-31,934.6723814301058,3.851616963894643
2023-05-31 07:20:00,53.0,230.3742739507704,2023-05-31,934.6723814301058,5.6704360857337806
2023-05-31 07:30:00,81.0,260.1896424940269,2023-05-31,934.6723814301058,8.666138168762947
2023-05-31 07:40:00,239.0,290.0828571400783,2023-05-31,934.6723814301058,25.570457065856104
2023-05-31 07:50:00,307.0,319.9702761022627,2023-05-31,934.6723814301058,32.84573355321265
2023-05-31 08:00:00,332.0,349.77538932335364,2023-05-31,934.6723814301058,35.520467555917264
2023-05-31 08:10:00,367.0,379.42673702642514,2023-05-31,934.6723814301058,39.265095159703726
2023-05-31 08:20:00,355.0,408.8566053948946,2023-05-31,934.6723814301058,37.98122283840551
2023-05-31 08:30:00,308.0,438.0001961297823,2023-05-31,934.6723814301058,32.952722913320834
2023-05-31 08:40:00,246.0,466.79509408964674,2023-05-31,934.6723814301058,26.319382586613393
2023-05-31 08:50:00,262.0,495.18092575675206,2023-05-31,934.6723814301058,28.031212348344347
2023-05-31 09:00:00,238.0,523.09915454598,2023-05-31,934.6723814301058,25.46346770574792
2023-05-31 09:10:00,387.0,550.4929430609455,2023-05-31,934.6723814301058,41.404882361867415
2023-05-31 09:20:00,559.0,577.307093302295,2023-05-31,934.6723814301058,59.80705230047515
2023-05-31 09:30:00,580.0,603.4880181549194,2023-05-31,934.6723814301058,62.053828862747025
2023-05-31 09:40:00,778.0,628.9837433502577,2023-05-31,934.6723814301058,83.23772216416756
2023-05-31 09:50:00,788.0,653.7439294543295,2023-05-31,934.6723814301058,84.30761576524941
2023-05-31 10:00:00,566.0,677.7199078192738,2023-05-31,934.6723814301058,60.555977821232446
2023-05-31 10:10:00,737.0,700.8647262199295,2023-05-31,934.6723814301058,78.851158399732
2023-05-31 10:20:00,629.0,723.1331994421861,2023-05-31,934.6723814301058,67.29630750804807
2023-05-31 10:30:00,749.0,744.4819713662623,2023-05-31,934.6723814301058,80.13503072103022
2023-05-31 10:40:00,527.0,764.8695644750121,2023-05-31,934.6723814301058,56.38339277701325
2023-05-31 10:50:00,863.0,784.2564452995238,2023-05-31,934.6723814301058,92.33181777336326
2023-05-31 11:00:00,838.0,802.6050821792994,2023-05-31,934.6723814301058,89.65708377065864
2023-05-31 11:10:00,770.0,819.8800035774578,2023-05-31,934.6723814301058,82.3818072833021
2023-05-31 11:20:00,357.0,836.0478547567764,2023-05-31,934.6723814301058,38.195201558621875
2023-05-31 11:30:00,665.0,851.0774522733988,2023-05-31,934.6723814301058,71.14792447194272
2023-05-31 11:40:00,1009.0,864.9398358438389,2023-05-31,934.6723814301058,107.9522643491582
2023-05-31 11:50:00,872.0,877.6083164104232,2023-05-31,934.6723814301058,93.29472201433693
2023-05-31 12:00:00,1103.0,889.0585250380155,2023-05-31,934.6723814301058,118.00926419932752
2023-05-31 12:10:00,1063.0,899.2684498300483,2023-05-31,934.6723814301058,113.72968979500016
2023-05-31 12:20:00,1109.0,908.2184776790928,2023-05-31,934.6723814301058,118.65120035997664
2023-05-31 12:30:00,1048.0,915.8914276795016,2023-05-31,934.6723814301058,112.1248493933774
2023-05-31 12:40:00,770.0,922.2725813445658,2023-05-31,934.6723814301058,82.3818072833021
2023-05-31 12:50:00,546.0,927.3497085996582,2023-05-31,934.6723814301058,58.41619061906876
2023-05-31 13:00:00,643.0,931.1130894506828,2023-05-31,934.6723814301058,68.79415854956265
2023-05-31 13:10:00,943.0,933.5555312450704,2023-05-31,934.6723814301058,100.890966582018
2023-05-31 13:20:00,648.0,934.6723814301058,2023-05-31,934.6723814301058,69.32910535010357
2023-05-31 13:30:00,872.0,934.4615360327662,2023-05-31,934.6723814301058,93.29472201433693
2023-05-31 13:40:00,1054.0,932.9234429294512,2023-05-31,934.6723814301058,112.7667855540265
2023-05-31 13:50:00,1066.0,930.0611013903464,2023-05-31,934.6723814301058,114.05065787532472
2023-05-31 14:00:00,1034.0,925.8800565545714,2023-05-31,934.6723814301058,110.6269983518628
2023-05-31 14:10:00,1051.0,920.3883894836332,2023-05-31,934.6723814301058,112.44581747370194
2023-05-31 14:20:00,1020.0,913.596702708032,2023-05-31,934.6723814301058,109.12914731034822
2023-05-31 14:30:00,1015.0,905.518101328654,2023-05-31,934.6723814301058,108.5942005098073
2023-05-31 14:40:00,870.0,896.1681697236357,2023-05-31,934.6723814301058,93.08074329412054
2023-05-31 14:50:00,1035.0,885.5649447283251,2023-05-31,934.6723814301058,110.733987711971
2023-05-31 15:00:00,524.0,873.728880945958,2023-05-31,934.6723814301058,56.062424696688694
2023-05-31 15:10:00,684.0,860.6828192072712,2023-05-31,934.6723814301058,73.18072231399822
2023-05-31 15:20:00,718.0,846.4519441099746,2023-05-31,934.6723814301058,76.8183605576765
2023-05-31 15:30:00,938.0,831.0637412893534,2023-05-31,934.6723814301058,100.35601978147707
2023-05-31 15:40:00,909.0,814.547950544629,2023-05-31,934.6723814301058,97.25332833833974
2023-05-31 15:50:00,798.0,796.9365157611861,2023-05-31,934.6723814301058,85.37750936633125
2023-05-31 16:00:00,891.0,778.2635319482823,2023-05-31,934.6723814301058,95.3275198563924
2023-05-31 16:10:00,675.0,758.5651897819979,2023-05-31,934.6723814301058,72.21781807302456
2023-05-31 16:20:00,771.0,737.8797195425559,2023-05-31,934.6723814301058,82.48879664341027
2023-05-31 16:30:00,485.0,716.2473265661806,2023-05-31,934.6723814301058,51.8898396524695
2023-05-31 16:40:00,436.0,693.7101399277576,2023-05-31,934.6723814301058,46.647361007168456
2023-05-31 16:50:00,572.0,670.3121474395331,2023-05-31,934.6723814301058,61.197913981881555
2023-05-31 17:00:00,546.0,646.0991388420751,2023-05-31,934.6723814301058,58.41619061906876
2023-05-31 17:10:00,714.0,621.1186504107011,2023-05-31,934.6723814301058,76.39040311724375
2023-05-31 17:20:00,693.0,595.4199142884698,2023-05-31,934.6723814301058,74.14362655497187
2023-05-31 17:30:00,533.0,569.0538151143672,2023-05-31,934.6723814301058,57.02532893766236
2023-05-31 17:40:00,265.0,542.0728574176503,2023-05-31,934.6723814301058,28.352180428668905
2023-05-31 17:50:00,197.0,514.5311504079505,2023-05-31,934.6723814301058,21.076903941312352
2023-05-31 18:00:00,214.0,486.4844056606749,2023-05-31,934.6723814301058,22.89572306315149
2023-05-31 18:10:00,239.0,457.98998494807705,2023-05-31,934.6723814301058,25.570457065856104
2023-05-31 18:20:00,401.0,429.1069749432996,2023-05-31,934.6723814301058,42.902733403381994
2023-05-31 18:30:00,226.0,399.89633661856425,2023-05-31,934.6723814301058,24.179595384449705
2023-05-31 18:40:00,194.0,370.4211487863326,2023-05-31,934.6723814301058,20.7559358609878
2023-05-31 18:50:00,155.0,340.7469946863603,2023-05-31,934.6723814301058,16.583350816768604
2023-05-31 19:00:00,142.0,310.9425660490136,2023-05-31,934.6723814301058,15.192489135362203
2023-05-31 19:10:00,144.0,281.0806061633428,2023-05-31,934.6723814301058,15.406467855578573
2023-05-31 19:20:00,117.0,251.23939809595063,2023-05-31,934.6723814301058,12.51775513265759
2023-05-31 19:30:00,112.0,221.5051421114358,2023-05-31,934.6723814301058,11.982808332116669
2023-05-31 19:40:00,100.0,191.97589873520656,2023-05-31,934.6723814301058,10.698936010818452
2023-05-31 19:50:00,82.0,162.76828730226788,2023-05-31,934.6723814301058,8.773127528871132
2023-05-31 20:00:00,60.0,134.0294401768163,2023-05-31,934.6723814301058,6.419361606491072
2023-05-31 20:10:00,44.0,105.9594846869661,2023-05-31,934.6723814301058,4.707531844760119
2023-05-31 20:20:00,28.0,78.85672043167556,2023-05-31,934.6723814301058,2.9957020830291667
2023-05-31 20:30:00,19.0,53.21595743829498,2023-05-31,934.6723814301058,2.032797842055506
2023-05-31 20:40:00,13.0,29.963234954536027,2023-05-31,934.6723814301058,1.390861681406399
2023-05-31 20:50:00,8.0,11.062068447735706,2023-05-31,934.6723814301058,0.8559148808654763
2023-05-31 21:00:00,3.0,0.7805841571493896,2023-05-31,934.6723814301058,0.3209680803245536
2023-05-31 21:10:00,0.0,0.0,2023-05-31,934.6723814301058,0.0
2023-05-31 21:20:00,0.0,0.0,2023-05-31,934.6723814301058,0.0
2023-05-31 21:30:00,0.0,0.0,2023-05-31,934.6723814301058,0.0
2023-05-31 21:40:00,0.0,0.0,2023-05-31,934.6723814301058,0.0
2023-05-31 21:50:00,0.0,0.0,2023-05-31,934.6723814301058,0.0
2023-05-31 22:00:00,0.0,0.0,2023-05-31,934.6723814301058,0.0
2023-05-31 22:10:00,0.0,0.0,2023-05-31,934.6723814301058,0.0
2023-05-31 22:20:00,0.0,0.0,2023-05-31,934.6723814301058,0.0
2023-05-31 22:30:00,0.0,0.0,2023-05-31,934.6723814301058,0.0
2023-05-31 22:40:00,0.0,0.0,2023-05-31,934.6723814301058,0.0
2023-05-31 22:50:00,0.0,0.0,2023-05-31,934.6723814301058,0.0
2023-05-31 23:00:00,0.0,0.0,2023-05-31,934.6723814301058,0.0
2023-05-31 23:10:00,0.0,0.0,2023-05-31,934.6723814301058,0.0
2023-05-31 23:20:00,0.0,0.0,2023-05-31,934.6723814301058,0.0
2023-05-31 23:30:00,0.0,0.0,2023-05-31,934.6723814301058,0.0
2023-05-31 23:40:00,0.0,0.0,2023-05-31,934.6723814301058,0.0
2023-05-31 23:50:00,0.0,0.0,2023-05-31,934.6723814301058,0.0
2023-06-01 00:00:00,0.0,0.0,2023-06-01,935.7725117780128,0.0
2023-06-01 00:10:00,0.0,0.0,2023-06-01,935.7725117780128,0.0
2023-06-01 00:20:00,0.0,0.0,2023-06-01,935.7725117780128,0.0
2023-06-01 00:30:00,0.0,0.0,2023-06-01,935.7725117780128,0.0
2023-06-01 00:40:00,0.0,0.0,2023-06-01,935.7725117780128,0.0
2023-06-01 00:50:00,0.0,0.0,2023-06-01,935.7725117780128,0.0
2023-06-01 01:00:00,0.0,0.0,2023-06-01,935.7725117780128,0.0
2023-06-01 01:10:00,0.0,0.0,2023-06-01,935.7725117780128,0.0
2023-06-01 01:20:00,0.0,0.0,2023-06-01,935.7725117780128,0.0
2023-06-01 01:30:00,0.0,0.0,2023-06-01,935.7725117780128,0.0
2023-06-01 01:40:00,0.0,0.0,2023-06-01,935.7725117780128,0.0
2023-06-01 01:50:00,0.0,0.0,2023-06-01,935.7725117780128,0.0
2023-06-01 02:00:00,0.0,0.0,2023-06-01,935.7725117780128,0.0
2023-06-01 02:10:00,0.0,0.0,2023-06-01,935.7725117780128,0.0
2023-06-01 02:20:00,0.0,0.0,2023-06-01,935.7725117780128,0.0
2023-06-01 02:30:00,0.0,0.0,2023-06-01,935.7725117780128,0.0
2023-06-01 02:40:00,0.0,0.0,2023-06-01,935.7725117780128,0.0
2023-06-01 02:50:00,0.0,0.0,2023-06-01,935.7725117780128,0.0
2023-06-01 03:00:00,0.0,0.0,2023-06-01,935.7725117780128,0.0
2023-06-01 03:10:00,0.0,0.0,2023-06-01,935.7725117780128,0.0
2023-06-01 03:20:00,0.0,0.0,2023-06-01,935.7725117780128,0.0
2023-06-01 03:30:00,0.0,0.0,2023-06-01,935.7725117780128,0.0
2023-06-01 03:40:00,0.0,0.0,2023-06-01,935.7725117780128,0.0
2023-06-01 03:50:00,0.0,0.0,2023-06-01,935.7725117780128,0.0
2023-06-01 04:00:00,0.0,0.0,2023-06-01,935.7725117780128,0.0
2023-06-01 04:10:00,0.0,0.0,2023-06-01,935.7725117780128,0.0
2023-06-01 04:20:00,0.0,0.0,2023-06-01,935.7725117780128,0.0
2023-06-01 04:30:00,0.0,0.0,2023-06-01,935.7725117780128,0.0
2023-06-01 04:40:00,0.0,0.0,2023-06-01,935.7725117780128,0.0
2023-06-01 04:50:00,0.0,0.0,2023-06-01,935.7725117780128,0.0
2023-06-01 05:00:00,0.0,0.0,2023-06-01,935.7725117780128,0.0
2023-06-01 05:10:00,0.0,0.0,2023-06-01,935.7725117780128,0.0
2023-06-01 05:20:00,0.0,0.0,2023-06-01,935.7725117780128,0.0
2023-06-01 05:30:00,0.0,0.0,2023-06-01,935.7725117780128,0.0
2023-06-01 05:40:00,5.0,1.08358659016514e-06,2023-06-01,935.7725117780128,0.5343178963976789
2023-06-01 05:50:00,11.0,2.953359001881268,2023-06-01,935.7725117780128,1.1754993720748936
2023-06-01 06:00:00,21.0,16.83936602268394,2023-06-01,935.7725117780128,2.244135164870251
2023-06-01 06:10:00,36.0,37.56633201567392,2023-06-01,935.7725117780128,3.847088854063288
2023-06-01 06:20:00,53.0,61.79041177123865,2023-06-01,935.7725117780128,5.663769701815396
2023-06-01 06:30:00,84.0,88.01238841466143,2023-06-01,935.7725117780128,8.976540659481005
2023-06-01 06:40:00,130.0,115.4954616706442,2023-06-01,935.7725117780128,13.89226530633965
2023-06-01 06:50:00,151.0,143.82882789978083,2023-06-01,935.7725117780128,16.136400471209903
2023-06-01 07:00:00,175.0,172.75519754668423,2023-06-01,935.7725117780128,18.70112637391876
2023-06-01 07:10:00,202.0,202.09615971683897,2023-06-01,935.7725117780128,21.586443014466223
2023-06-01 07:20:00,231.0,231.7168863872809,2023-06-01,935.7725117780128,24.68548681357277
2023-06-01 07:30:00,261.0,261.5081490602087,2023-06-01,935.7725117780128,27.89139419195884
2023-06-01 07:40:00,292.0,291.3765516693046,2023-06-01,935.7725117780128,31.204165149624448
2023-06-01 07:50:00,318.0,321.23897646916754,2023-06-01,935.7725117780128,33.982618210892376
2023-06-01 08:00:00,350.0,351.01927983947127,2023-06-01,935.7725117780128,37.40225274783752
2023-06-01 08:10:00,384.0,380.64626843868024,2023-06-01,935.7725117780128,41.035614443341736
2023-06-01 08:20:00,414.0,410.05242914320365,2023-06-01,935.7725117780128,44.241521821727815
2023-06-01 08:30:00,445.0,439.17311972301934,2023-06-01,935.7725117780128,47.55429277939342
2023-06-01 08:40:00,476.0,467.94604983973494,2023-06-01,935.7725117780128,50.86706373705903
2023-06-01 08:50:00,507.0,496.3109481645708,2023-06-01,935.7725117780128,54.17983469472464
2023-06-01 09:00:00,538.0,524.2093634686506,2023-06-01,935.7725117780128,57.492605652390246
2023-06-01 09:10:00,568.0,551.5845307866358,2023-06-01,935.7725117780128,60.69851303077632
2023-06-01 09:20:00,599.0,578.3813143102458,2023-06-01,935.7725117780128,64.01128398844193
2023-06-01 09:30:00,628.0,604.5461807613666,2023-06-01,935.7725117780128,67.11032778754847
2023-06-01 09:40:00,658.0,630.0272026904482,2023-06-01,935.7725117780128,70.31623516593454
2023-06-01 09:50:00,686.0,654.7740814198355,2023-06-01,935.7725117780128,73.30841538576155
2023-06-01 10:00:00,727.0,678.7381837100304,2023-06-01,935.7725117780128,77.68982213622252
2023-06-01 10:10:00,755.0,701.8725878813148,2023-06-01,935.7725117780128,80.68200235604951
2023-06-01 10:20:00,654.0,724.1321347997822,2023-06-01,935.7725117780128,69.8887808488164
2023-06-01 10:30:00,711.0,745.4734902419748,2023-06-01,935.7725117780128,75.98000486774994
2023-06-01 10:40:00,346.0,765.8551946066002,2023-06-01,935.7725117780128,36.97479843071938
2023-06-01 10:50:00,610.0,785.237728547737,2023-06-01,935.7725117780128,65.18678336051683
2023-06-01 11:00:00,510.0,803.5835708486997,2023-06-01,935.7725117780128,54.50042543256325
2023-06-01 11:10:00,301.0,820.8572568486178,2023-06-01,935.7725117780128,32.165937363140266
2023-06-01 11:20:00,392.0,837.0254351904948,2023-06-01,935.7725117780128,41.890523077578024
2023-06-01 11:30:00,380.0,852.0569224062034,2023-06-01,935.7725117780128,40.608160126223595
2023-06-01 11:40:00,354.0,865.9227548334038,2023-06-01,935.7725117780128,37.82970706495566
2023-06-01 11:50:00,427.0,878.5962367407798,2023-06-01,935.7725117780128,45.63074835236178
2023-06-01 12:00:00,473.0,890.0529892777517,2023-06-01,935.7725117780128,50.54647299922042
2023-06-01 12:10:00,558.0,900.2709874486768,2023-06-01,935.7725117780128,59.62987723798096
2023-06-01 12:20:00,610.0,909.2306019033427,2023-06-01,935.7725117780128,65.18678336051683
2023-06-01 12:30:00,478.0,916.9146324101974,2023-06-01,935.7725117780128,51.0807908956181
2023-06-01 12:40:00,421.0,923.3083381261666,2023-06-01,935.7725117780128,44.98956687668456
2023-06-01 12:50:00,467.0,928.3994636408488,2023-06-01,935.7725117780128,49.905291523543205
2023-06-01 13:00:00,517.0,932.1782607104282,2023-06-01,935.7725117780128,55.248470487519995
2023-06-01 13:10:00,466.0,934.6375055744816,2023-06-01,935.7725117780128,49.79842794426367
2023-06-01 13:20:00,445.0,935.7725117780128,2023-06-01,935.7725117780128,47.55429277939342
2023-06-01 13:30:00,495.0,935.5811387227805,2023-06-01,935.7725117780128,52.89747174337021
2023-06-01 13:40:00,407.0,934.0637949988572,2023-06-01,935.7725117780128,43.49347676677106
2023-06-01 13:50:00,410.0,931.2234380053424,2023-06-01,935.7725117780128,43.81406750460967
2023-06-01 14:00:00,566.0,927.0655684984912,2023-06-01,935.7725117780128,60.48478587221725
2023-06-01 14:10:00,822.0,921.5982207207086,2023-06-01,935.7725117780128,87.84186216777842
2023-06-01 14:20:00,1067.0,914.8319480260658,2023-06-01,935.7725117780128,114.02343909126468
2023-06-01 14:30:00,646.0,906.7798040543632,2023-06-01,935.7725117780128,69.03387221458011
2023-06-01 14:40:00,596.0,897.4573195244394,2023-06-01,935.7725117780128,63.69069325060333
2023-06-01 14:50:00,385.0,886.882475484965,2023-06-01,935.7725117780128,41.14247802262128
2023-06-01 15:00:00,651.0,875.075668708147,2023-06-01,935.7725117780128,69.5681901109778
2023-06-01 15:10:00,423.0,862.0596802199581,2023-06-01,935.7725117780128,45.20329403524364
2023-06-01 15:20:00,387.0,847.8596329024659,2023-06-01,935.7725117780128,41.35620518118034
2023-06-01 15:30:00,385.0,832.5029488331915,2023-06-01,935.7725117780128,41.14247802262128
2023-06-01 15:40:00,518.0,816.0193024617264,2023-06-01,935.7725117780128,55.355334066799536
2023-06-01 15:50:00,741.0,798.4405705714762,2023-06-01,935.7725117780128,79.18591224613601
2023-06-01 16:00:00,897.0,779.8007793406882,2023-06-01,935.7725117780128,95.8566306137436
2023-06-01 16:10:00,879.0,760.1360488859478,2023-06-01,935.7725117780128,93.93308618671196
2023-06-01 16:20:00,854.0,739.4845371683931,2023-06-01,935.7725117780128,91.26149670472356
2023-06-01 16:30:00,603.0,717.8863753913929,2023-06-01,935.7725117780128,64.43873830556008
2023-06-01 16:40:00,732.0,695.3836165347291,2023-06-01,935.7725117780128,78.22414003262018
2023-06-01 16:50:00,471.0,672.0201701992165,2023-06-01,935.7725117780128,50.33274584066135
2023-06-01 17:00:00,406.0,647.841745503029,2023-06-01,935.7725117780128,43.38661318749153
2023-06-01 17:10:00,354.0,622.8957952871123,2023-06-01,935.7725117780128,37.82970706495566
2023-06-01 17:20:00,257.0,597.2314649020622,2023-06-01,935.7725117780128,27.463939874840698
2023-06-01 17:30:00,244.0,570.8995480157794,2023-06-01,935.7725117780128,26.07471334420673
2023-06-01 17:40:00,263.0,543.9524529174164,2023-06-01,935.7725117780128,28.10512135051791
2023-06-01 17:50:00,254.0,516.4441857494786,2023-06-01,935.7725117780128,27.143349137002087
2023-06-01 18:00:00,195.0,488.4303460158349,2023-06-01,935.7725117780128,20.838397959509475
2023-06-01 18:10:00,215.0,459.9681712980776,2023-06-01,935.7725117780128,22.975669545100192
2023-06-01 18:20:00,170.0,431.1166075138733,2023-06-01,935.7725117780128,18.166808477521084
2023-06-01 18:30:00,143.0,401.9364518279651,2023-06-01,935.7725117780128,15.281491836973617
2023-06-01 18:40:00,125.0,372.4905865964985,2023-06-01,935.7725117780128,13.357947409941971
2023-06-01 18:50:00,111.0,342.84435143516686,2023-06-01,935.7725117780128,11.861857300028472
2023-06-01 19:00:00,98.0,313.0661249260783,2023-06-01,935.7725117780128,10.472630769394506
2023-06-01 19:10:00,88.0,283.2282321740618,2023-06-01,935.7725117780128,9.403994976599147
2023-06-01 19:20:00,81.0,253.4083750624683,2023-06-01,935.7725117780128,8.655949921642398
2023-06-01 19:30:00,72.0,223.691911674416,2023-06-01,935.7725117780128,7.694177708126576
2023-06-01 19:40:00,44.0,194.17562694491355,2023-06-01,935.7725117780128,4.7019974882995745
2023-06-01 19:50:00,34.0,164.97411338128555,2023-06-01,935.7725117780128,3.633361695504216
2023-06-01 20:00:00,32.0,136.23110676013786,2023-06-01,935.7725117780128,3.419634536945145
2023-06-01 20:10:00,27.0,108.14068423740127,2023-06-01,935.7725117780128,2.885316640547466
2023-06-01 20:20:00,20.0,80.98956682018823,2023-06-01,935.7725117780128,2.1372715855907156
2023-06-01 20:30:00,14.0,55.24842742624873,2023-06-01,935.7725117780128,1.4960901099135009
2023-06-01 20:40:00,9.0,31.787762891441275,2023-06-01,935.7725117780128,0.961772213515822
2023-06-01 20:50:00,5.0,12.432138116217914,2023-06-01,935.7725117780128,0.5343178963976789
2023-06-01 21:00:00,1.0,1.193153276338937,2023-06-01,935.7725117780128,0.1068635792795357
2023-06-01 21:10:00,0.0,0.0,2023-06-01,935.7725117780128,0.0
2023-06-01 21:20:00,0.0,0.0,2023-06-01,935.7725117780128,0.0
2023-06-01 21:30:00,0.0,0.0,2023-06-01,935.7725117780128,0.0
2023-06-01 21:40:00,0.0,0.0,2023-06-01,935.7725117780128,0.0
2023-06-01 21:50:00,0.0,0.0,2023-06-01,935.7725117780128,0.0
2023-06-01 22:00:00,0.0,0.0,2023-06-01,935.7725117780128,0.0
2023-06-01 22:10:00,0.0,0.0,2023-06-01,935.7725117780128,0.0
2023-06-01 22:20:00,0.0,0.0,2023-06-01,935.7725117780128,0.0
2023-06-01 22:30:00,0.0,0.0,2023-06-01,935.7725117780128,0.0
2023-06-01 22:40:00,0.0,0.0,2023-06-01,935.7725117780128,0.0
2023-06-01 22:50:00,0.0,0.0,2023-06-01,935.7725117780128,0.0
2023-06-01 23:00:00,0.0,0.0,2023-06-01,935.7725117780128,0.0
2023-06-01 23:10:00,0.0,0.0,2023-06-01,935.7725117780128,0.0
2023-06-01 23:20:00,0.0,0.0,2023-06-01,935.7725117780128,0.0
2023-06-01 23:30:00,0.0,0.0,2023-06-01,935.7725117780128,0.0
2023-06-01 23:40:00,0.0,0.0,2023-06-01,935.7725117780128,0.0
2023-06-01 23:50:00,0.0,0.0,2023-06-01,935.7725117780128,0.0
2023-06-02 00:00:00,0.0,0.0,2023-06-02,936.8155129408908,0.0
2023-06-02 00:10:00,0.0,0.0,2023-06-02,936.8155129408908,0.0
2023-06-02 00:20:00,0.0,0.0,2023-06-02,936.8155129408908,0.0
2023-06-02 00:30:00,0.0,0.0,2023-06-02,936.8155129408908,0.0
2023-06-02 00:40:00,0.0,0.0,2023-06-02,936.8155129408908,0.0
2023-06-02 00:50:00,0.0,0.0,2023-06-02,936.8155129408908,0.0
2023-06-02 01:00:00,0.0,0.0,2023-06-02,936.8155129408908,0.0
2023-06-02 01:10:00,0.0,0.0,2023-06-02,936.8155129408908,0.0
2023-06-02 01:20:00,0.0,0.0,2023-06-02,936.8155129408908,0.0
2023-06-02 01:30:00,0.0,0.0,2023-06-02,936.8155129408908,0.0
2023-06-02 01:40:00,0.0,0.0,2023-06-02,936.8155129408908,0.0
2023-06-02 01:50:00,0.0,0.0,2023-06-02,936.8155129408908,0.0
2023-06-02 02:00:00,0.0,0.0,2023-06-02,936.8155129408908,0.0
2023-06-02 02:10:00,0.0,0.0,2023-06-02,936.8155129408908,0.0
2023-06-02 02:20:00,0.0,0.0,2023-06-02,936.8155129408908,0.0
2023-06-02 02:30:00,0.0,0.0,2023-06-02,936.8155129408908,0.0
2023-06-02 02:40:00,0.0,0.0,2023-06-02,936.8155129408908,0.0
2023-06-02 02:50:00,0.0,0.0,2023-06-02,936.8155129408908,0.0
2023-06-02 03:00:00,0.0,0.0,2023-06-02,936.8155129408908,0.0
2023-06-02 03:10:00,0.0,0.0,2023-06-02,936.8155129408908,0.0
2023-06-02 03:20:00,0.0,0.0,2023-06-02,936.8155129408908,0.0
2023-06-02 03:30:00,0.0,0.0,2023-06-02,936.8155129408908,0.0
2023-06-02 03:40:00,0.0,0.0,2023-06-02,936.8155129408908,0.0
2023-06-02 03:50:00,0.0,0.0,2023-06-02,936.8155129408908,0.0
2023-06-02 04:00:00,0.0,0.0,2023-06-02,936.8155129408908,0.0
2023-06-02 04:10:00,0.0,0.0,2023-06-02,936.8155129408908,0.0
2023-06-02 04:20:00,0.0,0.0,2023-06-02,936.8155129408908,0.0
2023-06-02 04:30:00,0.0,0.0,2023-06-02,936.8155129408908,0.0
2023-06-02 04:40:00,0.0,0.0,2023-06-02,936.8155129408908,0.0
2023-06-02 04:50:00,0.0,0.0,2023-06-02,936.8155129408908,0.0
2023-06-02 05:00:00,0.0,0.0,2023-06-02,936.8155129408908,0.0
2023-06-02 05:10:00,0.0,0.0,2023-06-02,936.8155129408908,0.0
2023-06-02 05:20:00,0.0,0.0,2023-06-02,936.8155129408908,0.0
2023-06-02 05:30:00,0.0,0.0,2023-06-02,936.8155129408908,0.0
2023-06-02 05:40:00,9.0,5.559747368171397e-05,2023-06-02,936.8155129408908,0.9607014268739872
2023-06-02 05:50:00,14.0,3.455863081648749,2023-06-02,936.8155129408908,1.4944244418039805
2023-06-02 06:00:00,20.0,17.824464840575082,2023-06-02,936.8155129408908,2.134892059719972
2023-06-02 06:10:00,25.0,38.75483660230259,2023-06-02,936.8155129408908,2.668615074649965
2023-06-02 06:20:00,32.0,63.06238992598697,2023-06-02,936.8155129408908,3.415827295551954
2023-06-02 06:30:00,77.0,89.31508348254057,2023-06-02,936.8155129408908,8.219334429921892
2023-06-02 06:40:00,122.0,116.80331951147356,2023-06-02,936.8155129408908,13.022841564291827
2023-06-02 06:50:00,149.0,145.12845541752128,2023-06-02,936.8155129408908,15.90494584491379
2023-06-02 07:00:00,180.0,174.03919016210406,2023-06-02,936.8155129408908,19.214028537479745
2023-06-02 07:10:00,209.0,203.3603146803156,2023-06-02,936.8155129408908,22.309622024073704
2023-06-02 07:20:00,239.0,232.95883602534613,2023-06-02,936.8155129408908,25.51196011365366
2023-06-02 07:30:00,268.0,262.7266421493555,2023-06-02,936.8155129408908,28.60755360024762
2023-06-02 07:40:00,299.0,292.5710528116933,2023-06-02,936.8155129408908,31.91663629281358
2023-06-02 07:50:00,328.0,322.40943129591966,2023-06-02,936.8155129408908,35.012229779407534
2023-06-02 08:00:00,359.0,352.165971288383,2023-06-02,936.8155129408908,38.32131247197349
2023-06-02 08:10:00,393.0,381.76972530662545,2023-06-02,936.8155129408908,41.95062897349744
2023-06-02 08:20:00,423.0,411.1533658346009,2023-06-02,936.8155129408908,45.152967063077405
2023-06-02 08:30:00,452.0,440.25239517726794,2023-06-02,936.8155129408908,48.24856054967136
2023-06-02 08:40:00,481.0,469.0046386665899,2023-06-02,936.8155129408908,51.34415403626532
2023-06-02 08:50:00,511.0,497.349919701967,2023-06-02,936.8155129408908,54.54649212584528
2023-06-02 09:00:00,542.0,525.2298661094488,2023-06-02,936.8155129408908,57.855574818411235
2023-06-02 09:10:00,575.0,552.5877798672717,2023-06-02,936.8155129408908,61.37814671694919
2023-06-02 09:20:00,602.0,579.3685824903431,2023-06-02,936.8155129408908,64.26025099757115
2023-06-02 09:30:00,632.0,605.5187901105701,2023-06-02,936.8155129408908,67.4625890871511
2023-06-02 09:40:00,660.0,630.986518006503,2023-06-02,936.8155129408908,70.45143797075907
2023-06-02 09:50:00,690.0,655.7215044288398,2023-06-02,936.8155129408908,73.65377606033903
2023-06-02 10:00:00,720.0,679.6751479079394,2023-06-02,936.8155129408908,76.85611414991898
2023-06-02 10:10:00,746.0,702.8005538467271,2023-06-02,936.8155129408908,79.63147382755494
2023-06-02 10:20:00,774.0,725.052585857876,2023-06-02,936.8155129408908,82.62032271116291
2023-06-02 10:30:00,795.0,746.3879283866485,2023-06-02,936.8155129408908,84.86195937386887
2023-06-02 10:40:00,817.0,766.7651366422799,2023-06-02,936.8155129408908,87.21034063956084
2023-06-02 10:50:00,850.0,786.1447023609983,2023-06-02,936.8155129408908,90.7329125380988
2023-06-02 11:00:00,857.0,804.4891118197309,2023-06-02,936.8155129408908,91.4801247590008
2023-06-02 11:10:00,898.0,821.7629043577928,2023-06-02,936.8155129408908,95.85665348142672
2023-06-02 11:20:00,923.0,837.9327292078726,2023-06-02,936.8155129408908,98.5252685560767
2023-06-02 11:30:00,942.0,852.9674001520124,2023-06-02,936.8155129408908,100.55341601281069
2023-06-02 11:40:00,893.0,866.837947501251,2023-06-02,936.8155129408908,95.32293046649674
2023-06-02 11:50:00,953.0,879.51766627887,2023-06-02,936.8155129408908,101.72760664565664
2023-06-02 12:00:00,955.0,890.9821652268754,2023-06-02,936.8155129408908,101.94109585162865
2023-06-02 12:10:00,972.0,901.2094038314948,2023-06-02,936.8155129408908,103.75575410239064
2023-06-02 12:20:00,979.0,910.1797341694036,2023-06-02,936.8155129408908,104.5029663232926
2023-06-02 12:30:00,1000.0,917.8759344354208,2023-06-02,936.8155129408908,106.74460298599858
2023-06-02 12:40:00,1014.0,924.2832392677522,2023-06-02,936.8155129408908,108.23902742780255
2023-06-02 12:50:00,1012.0,929.3893658555236,2023-06-02,936.8155129408908,108.02553822183056
2023-06-02 13:00:00,1006.0,933.1845357267464,2023-06-02,936.8155129408908,107.38507060391458
2023-06-02 13:10:00,1006.0,935.6614921340528,2023-06-02,936.8155129408908,107.38507060391458
2023-06-02 13:20:00,1006.0,936.8155129408908,2023-06-02,936.8155129408908,107.38507060391458
2023-06-02 13:30:00,1002.0,936.6444192473566,2023-06-02,936.8155129408908,106.95809219197058
2023-06-02 13:40:00,998.0,935.1485787862524,2023-06-02,936.8155129408908,106.5311137800266
2023-06-02 13:50:00,999.0,932.330905624649,2023-06-02,936.8155129408908,106.63785838301258
2023-06-02 14:00:00,996.0,928.1968547856384,2023-06-02,936.8155129408908,106.3176245740546
2023-06-02 14:10:00,988.0,922.7544124569912,2023-06-02,936.8155129408908,105.4636677501666
2023-06-02 14:20:00,980.0,916.0140816963968,2023-06-02,936.8155129408908,104.6097109262786
2023-06-02 14:30:00,967.0,907.9888636868347,2023-06-02,936.8155129408908,103.22203108746064
2023-06-02 14:40:00,951.0,898.6942346104515,2023-06-02,936.8155129408908,101.51411743968464
2023-06-02 14:50:00,943.0,888.1481189784924,2023-06-02,936.8155129408908,100.66016061579668
2023-06-02 15:00:00,933.0,876.3708551135951,2023-06-02,936.8155129408908,99.59271458593668
2023-06-02 15:10:00,916.0,863.385163735289,2023-06-02,936.8155129408908,97.77805633517472
2023-06-02 15:20:00,898.0,849.2161056550678,2023-06-02,936.8155129408908,95.85665348142672
2023-06-02 15:30:00,881.0,833.8910391692121,2023-06-02,936.8155129408908,94.04199523066475
2023-06-02 15:40:00,860.0,817.4395732911961,2023-06-02,936.8155129408908,91.80035856795878
2023-06-02 15:50:00,839.0,799.8935177687457,2023-06-02,936.8155129408908,89.55872190525281
2023-06-02 16:00:00,823.0,781.2868301540849,2023-06-02,936.8155129408908,87.85080825747684
2023-06-02 16:10:00,805.0,761.6555603656572,2023-06-02,936.8155129408908,85.92940540372886
2023-06-02 16:20:00,780.0,741.0377945674259,2023-06-02,936.8155129408908,83.2607903290789
2023-06-02 16:30:00,756.0,719.4735905154288,2023-06-02,936.8155129408908,80.69891985741494
2023-06-02 16:40:00,731.0,697.0049259712475,2023-06-02,936.8155129408908,78.03030478276497
2023-06-02 16:50:00,708.0,673.6756333829828,2023-06-02,936.8155129408908,75.575178914087
2023-06-02 17:00:00,680.0,649.5313425199118,2023-06-02,936.8155129408908,72.58633003047903
2023-06-02 17:10:00,656.0,624.619424307647,2023-06-02,936.8155129408908,70.02445955881507
2023-06-02 17:20:00,625.0,598.9889390645963,2023-06-02,936.8155129408908,66.71537686624912
2023-06-02 17:30:00,595.0,572.6905915895107,2023-06-02,936.8155129408908,63.51303877666916
2023-06-02 17:40:00,574.0,545.7766964005701,2023-06-02,936.8155129408908,61.27140211396319
2023-06-02 17:50:00,533.0,518.3011595054651,2023-06-02,936.8155129408908,56.894873391537246
2023-06-02 18:00:00,496.0,490.3194718502274,2023-06-02,936.8155129408908,52.9453230810553
2023-06-02 18:10:00,457.0,461.8887511180712,2023-06-02,936.8155129408908,48.78228356460136
2023-06-02 18:20:00,361.0,433.06780777060743,2023-06-02,936.8155129408908,38.53480167794549
2023-06-02 18:30:00,159.0,403.917281876545,2023-06-02,936.8155129408908,16.972391874773777
2023-06-02 18:40:00,92.0,374.49986803489406,2023-06-02,936.8155129408908,9.82050347471187
2023-06-02 18:50:00,69.0,344.8806738573136,2023-06-02,936.8155129408908,7.365377606033903
2023-06-02 19:00:00,53.0,315.1277807403435,2023-06-02,936.8155129408908,5.657463958257925
2023-06-02 19:10:00,55.0,285.31311832406135,2023-06-02,936.8155129408908,5.870953164229922
2023-06-02 19:20:00,51.0,255.5138408520602,2023-06-02,936.8155129408908,5.443974752285928
2023-06-02 19:30:00,47.0,225.814515803574,2023-06-02,936.8155129408908,5.016996340341934
2023-06-02 19:40:00,50.0,196.3107354016054,2023-06-02,936.8155129408908,5.33723014929993
2023-06-02 19:50:00,59.0,167.11520548784137,2023-06-02,936.8155129408908,6.297931576173917
2023-06-02 20:00:00,74.0,138.3685162496505,2023-06-02,936.8155129408908,7.899100620963895
2023-06-02 20:10:00,88.0,110.25917549510808,2023-06-02,936.8155129408908,9.393525062767877
2023-06-02 20:20:00,87.0,83.0633232228939,2023-06-02,936.8155129408908,9.286780459781877
2023-06-02 20:30:00,77.0,57.22976870726443,2023-06-02,936.8155129408908,8.219334429921892
2023-06-02 20:40:00,65.0,33.57920188226282,2023-06-02,936.8155129408908,6.938399194089908
2023-06-02 20:50:00,48.0,13.81231081974956,2023-06-02,936.8155129408908,5.123740943327932
2023-06-02 21:00:00,32.0,1.6903308425619212,2023-06-02,936.8155129408908,3.415827295551954
2023-06-02 21:10:00,16.0,5.437287614544281e-55,2023-06-02,936.8155129408908,1.707913647775977
2023-06-02 21:20:00,0.0,0.0,2023-06-02,936.8155129408908,0.0
2023-06-02 21:30:00,0.0,0.0,2023-06-02,936.8155129408908,0.0
2023-06-02 21:40:00,0.0,0.0,2023-06-02,936.8155129408908,0.0
2023-06-02 21:50:00,0.0,0.0,2023-06-02,936.8155129408908,0.0
2023-06-02 22:00:00,0.0,0.0,2023-06-02,936.8155129408908,0.0
2023-06-02 22:10:00,0.0,0.0,2023-06-02,936.8155129408908,0.0
2023-06-02 22:20:00,0.0,0.0,2023-06-02,936.8155129408908,0.0
2023-06-02 22:30:00,0.0,0.0,2023-06-02,936.8155129408908,0.0
2023-06-02 22:40:00,0.0,0.0,2023-06-02,936.8155129408908,0.0
2023-06-02 22:50:00,0.0,0.0,2023-06-02,936.8155129408908,0.0
2023-06-02 23:00:00,0.0,0.0,2023-06-02,936.8155129408908,0.0
2023-06-02 23:10:00,0.0,0.0,2023-06-02,936.8155129408908,0.0
2023-06-02 23:20:00,0.0,0.0,2023-06-02,936.8155129408908,0.0
2023-06-02 23:30:00,0.0,0.0,2023-06-02,936.8155129408908,0.0
2023-06-02 23:40:00,0.0,0.0,2023-06-02,936.8155129408908,0.0
2023-06-02 23:50:00,0.0,0.0,2023-06-02,936.8155129408908,0.0
2023-06-03 00:00:00,0.0,0.0,2023-06-03,937.8018110434832,0.0
2023-06-03 00:10:00,0.0,0.0,2023-06-03,937.8018110434832,0.0
2023-06-03 00:20:00,0.0,0.0,2023-06-03,937.8018110434832,0.0
2023-06-03 00:30:00,0.0,0.0,2023-06-03,937.8018110434832,0.0
2023-06-03 00:40:00,0.0,0.0,2023-06-03,937.8018110434832,0.0
2023-06-03 00:50:00,0.0,0.0,2023-06-03,937.8018110434832,0.0
2023-06-03 01:00:00,0.0,0.0,2023-06-03,937.8018110434832,0.0
2023-06-03 01:10:00,0.0,0.0,2023-06-03,937.8018110434832,0.0
2023-06-03 01:20:00,0.0,0.0,2023-06-03,937.8018110434832,0.0
2023-06-03 01:30:00,0.0,0.0,2023-06-03,937.8018110434832,0.0
2023-06-03 01:40:00,0.0,0.0,2023-06-03,937.8018110434832,0.0
2023-06-03 01:50:00,0.0,0.0,2023-06-03,937.8018110434832,0.0
2023-06-03 02:00:00,0.0,0.0,2023-06-03,937.8018110434832,0.0
2023-06-03 02:10:00,0.0,0.0,2023-06-03,937.8018110434832,0.0
2023-06-03 02:20:00,0.0,0.0,2023-06-03,937.8018110434832,0.0
2023-06-03 02:30:00,0.0,0.0,2023-06-03,937.8018110434832,0.0
2023-06-03 02:40:00,0.0,0.0,2023-06-03,937.8018110434832,0.0
2023-06-03 02:50:00,0.0,0.0,2023-06-03,937.8018110434832,0.0
2023-06-03 03:00:00,0.0,0.0,2023-06-03,937.8018110434832,0.0
2023-06-03 03:10:00,0.0,0.0,2023-06-03,937.8018110434832,0.0
2023-06-03 03:20:00,0.0,0.0,2023-06-03,937.8018110434832,0.0
2023-06-03 03:30:00,0.0,0.0,2023-06-03,937.8018110434832,0.0
2023-06-03 03:40:00,0.0,0.0,2023-06-03,937.8018110434832,0.0
2023-06-03 03:50:00,0.0,0.0,2023-06-03,937.8018110434832,0.0
2023-06-03 04:00:00,0.0,0.0,2023-06-03,937.8018110434832,0.0
2023-06-03 04:10:00,0.0,0.0,2023-06-03,937.8018110434832,0.0
2023-06-03 04:20:00,0.0,0.0,2023-06-03,937.8018110434832,0.0
2023-06-03 04:30:00,0.0,0.0,2023-06-03,937.8018110434832,0.0
2023-06-03 04:40:00,0.0,0.0,2023-06-03,937.8018110434832,0.0
2023-06-03 04:50:00,0.0,0.0,2023-06-03,937.8018110434832,0.0
2023-06-03 05:00:00,0.0,0.0,2023-06-03,937.8018110434832,0.0
2023-06-03 05:10:00,0.0,0.0,2023-06-03,937.8018110434832,0.0
2023-06-03 05:20:00,0.0,0.0,2023-06-03,937.8018110434832,0.0
2023-06-03 05:30:00,0.0,0.0,2023-06-03,937.8018110434832,0.0
2023-06-03 05:40:00,6.0,0.0005662002589138,2023-06-03,937.8018110434832,0.6397940299692808
2023-06-03 05:50:00,10.0,3.9569889710565898,2023-06-03,937.8018110434832,1.0663233832821346
2023-06-03 06:00:00,15.0,18.75360819717547,2023-06-03,937.8018110434832,1.599485074923202
2023-06-03 06:10:00,21.0,39.86278185720134,2023-06-03,937.8018110434832,2.2392791048924825
2023-06-03 06:20:00,27.0,64.24277342765929,2023-06-03,937.8018110434832,2.8790731348617635
2023-06-03 06:30:00,82.0,90.52089068161874,2023-06-03,937.8018110434832,8.743851742913504
2023-06-03 06:40:00,123.0,118.0117041556716,2023-06-03,937.8018110434832,13.115777614370256
2023-06-03 06:50:00,151.0,146.32744288873445,2023-06-03,937.8018110434832,16.101483087560233
2023-06-03 07:00:00,180.0,175.2221876308409,2023-06-03,937.8018110434832,19.19382089907842
2023-06-03 07:10:00,212.0,204.5236195066266,2023-06-03,937.8018110434832,22.606055725581253
2023-06-03 07:20:00,237.0,234.1004083832056,2023-06-03,937.8018110434832,25.27186418378659
2023-06-03 07:30:00,269.0,263.8454573134934,2023-06-03,937.8018110434832,28.684099010289422
2023-06-03 07:40:00,299.0,293.66673896802587,2023-06-03,937.8018110434832,31.883069160135825
2023-06-03 07:50:00,329.0,323.4820566616663,2023-06-03,937.8018110434832,35.08203930998223
2023-06-03 08:00:00,361.0,353.2159134669664,2023-06-03,937.8018110434832,38.49427413648506
2023-06-03 08:10:00,395.0,382.79758794466704,2023-06-03,937.8018110434832,42.119773639644315
2023-06-03 08:20:00,427.0,412.1599235349459,2023-06-03,937.8018110434832,45.53200846614715
2023-06-03 08:30:00,458.0,441.2385558534633,2023-06-03,937.8018110434832,48.83761095432177
2023-06-03 08:40:00,488.0,469.9714169736844,2023-06-03,937.8018110434832,52.03658110416817
2023-06-03 08:50:00,522.0,498.2984176795711,2023-06-03,937.8018110434832,55.662080607327425
2023-06-03 09:00:00,551.0,526.161258616731,2023-06-03,937.8018110434832,58.75441841884562
2023-06-03 09:10:00,582.0,553.5033033019606,2023-06-03,937.8018110434832,62.06002090702023
2023-06-03 09:20:00,617.0,580.2695257219117,2023-06-03,937.8018110434832,65.7921527485077
2023-06-03 09:30:00,648.0,606.4064870114911,2023-06-03,937.8018110434832,69.09775523668232
2023-06-03 09:40:00,673.0,631.8623411039076,2023-06-03,937.8018110434832,71.76356369488767
2023-06-03 09:50:00,703.0,656.5868593441776,2023-06-03,937.8018110434832,74.96253384473407
2023-06-03 10:00:00,738.0,680.5314684125951,2023-06-03,937.8018110434832,78.69466568622154
2023-06-03 10:10:00,760.0,703.6492973317195,2023-06-03,937.8018110434832,81.04057712944223
2023-06-03 10:20:00,687.0,725.8952291318585,2023-06-03,937.8018110434832,73.25641643148265
2023-06-03 10:30:00,205.0,747.2259637163484,2023-06-03,937.8018110434832,21.85962935728376
2023-06-03 10:40:00,165.0,767.6000679828228,2023-06-03,937.8018110434832,17.59433582415522
2023-06-03 10:50:00,109.0,786.9780417302712,2023-06-03,937.8018110434832,11.622924877775269
2023-06-03 11:00:00,133.0,805.3223757903364,2023-06-03,937.8018110434832,14.182100997652393
2023-06-03 11:10:00,131.0,822.5976106411422,2023-06-03,937.8018110434832,13.968836320995964
2023-06-03 11:20:00,138.0,838.7703933313502,2023-06-03,937.8018110434832,14.715262689293455
2023-06-03 11:30:00,145.0,853.809532186983,2023-06-03,937.8018110434832,15.461689057590952
2023-06-03 11:40:00,721.0,867.686048867981,2023-06-03,937.8018110434832,76.88191593464191
2023-06-03 11:50:00,464.0,880.3732266083764,2023-06-03,937.8018110434832,49.47740498429105
